Cohort,Ancestry,Description,Sample size,Sample type,Proteomic platform,# of Proteins mesured,# of Proteins with cis-pQTL,# of Proteins with trans-pQTL,# of pQTL Associations (cis/trans),Publication Year,DOI,Remarks,Sex chromosome,MHC
InCHIANTI study,European,population-based,1200,plasma/serum,Immuno-assay,42,8,/,9 (8/1),2008,10.1371/journal.pgen.1000072,the first proteomic GWAS,Not specifid,Not specifid
AddNeuroMed study,European,multi-center study for AD,97,plasma,SomaScan,778,60,/,/,2012,10.1093/hmg/dds186,"first proteomic GWAS using SomaScan, cis only",excluded,Not specifid
HapMap Project,diverse ethnic,lymphoblastoid cell lines from 95 individuals in the HapMap project,95,cell lines,MS,4053,77,/,/,2013,10.1038/nature12223,cis-pQTL analyses only,X,Not specifid
ADNI cohort,European,AD focused,521,plasma,immunoassay,132,/,/,112,2013,10.1371/journal.pone.0070269,,X,Not specifid
HapMap YRI LCLs,African,derived from Yoruba individuals,68,cell lines,RPPA/MWA,441,/,/,172 (12/160),2014,10.1016/j.ajhg.2014.07.005,transcription factors; at FDR < 20%,excluded,Not specifid
ADNI and Knight ADRC,European,meta-analysis,574,CSF,immunoassay,59,5,/,335,2014,10.1371/journal. pgen.1004758,,excluded,Not specifid
Twins UK,European,72 monozygotic and 44 dizygotic twins,113,plasma,MS,303,/,/,13,2015,10.15252/msb.20145728,758 SNPs tested,excluded,Not specifid
Individuals from 36 studies,European,meta-analysis,52126,plasma/serum,/,1,1,1,5 (1/4),2016,10.1038/ncomms10494,single protein (leptin),excluded,Not specifid
 ADNI and KADRC cohort ,European,558 AD cases and 260 controls,818,plasma,immunoassay,146,/,/,56,2016,10.1038/srep18092,,excluded,Not specifid
Troms√∏ Study,Norwegian,196 VTE cases and 134 controls,330,serum,Immuno-assay (ELISA),51,13,/,/,2016,10.1161/CIRCGENETICS.115.001327,,Not specifid,Not specifid
SPIROMICS and COPDGene,mixed,meta-analysis,1340,plasma,Immuno-assay,88,/,11,527,2016,10.1371/journal.pgen.1006011,,excluded,Not specifid
YFS and FINRISK,European,population-based,8293,plasma/serum,immunoassay,41,6,/,> 27,2017,10.1016/j.ajhg.2016.11.007,,excluded,included
KORA study,European,population-based,1000,plasma,SomaScan,1124,236,,539,2017,10.1038/ncomms14357,,excluded,Not specifid
Dietary intervention study,European,overweight or obese subjects,932,plasma,SomaScan,192,34,22,/,2017,10.1038/s41467-017-02182-z,,Not specifid,Not specifid
Individuals recruited in Japan,East Asian,88 patients with psychiatric disorder and 45 controls,133,CSF,SomaScan,1126,55,10,446 (421/25),2017,10.1093/hmg/ddw366,,X,included
ARIC study,African American and European American, ,3424,serum,MS,25,/,/,26,2017,10.1093/hmg/ddx266,*peptides; Rare variants included,Not specifid,Not specifid
NSPHS,European,population-based,961,plasma,Olink,121,24,5,/,2017,10.1371/journal. pgen.1007005,,excluded,included
CERTIFI study,European,51 CD cases,51,serum,SomaScan,1128,41,/,/,2017,10.1371/journal.pgen.1006565,,excluded,Not specifid
IMPROVE study,European,multi-center study of individuals with CVD risks,3394,plasma,Olink,83,/,/,79 (41/38),2017,10.1371/journal.pgen.1006706,,excluded,Not specifid
Framingham Heart Study,European,community-based,6861,plasma,immunoassay,71,40,44,16602 (11806/4796),2018,10.1038/s41467-018-05512-x,,X,Not specifid
INTERVAL study,European,population-based,3301,plasma,SomaScan,2294,553,1104,1927 (549/1378),2018,10.1038/s41586-018-0175-2,,excluded,treated it as a single region
Lifelines-DEEP cohort,European,prospective cohort,1619,plasma,Olink,92,66,36,214 (129/85),2018,10.1038/s41588-018-0224-7,,Not specifid,Not specifid
Troms√∏ Study,Norwegian,82 VTE cases and 83 controls,165,plasma,MS,664,31,/,33,2018,10.1161/CIRCGEN.118.002170,,Not specifid,Not specifid
Troms√∏ Study,Norwegian,82 VTE cases and 83 controls,165,plasma,MS,5608,80,/,154 (86/68),2018,10.1161/CIRCGEN.118.002170,* peptide-level as phenotype,Not specifid,Not specifid
FHS Offspring cohort,European,community-based,759,plasma,SomaScan,156,47,/,120,2018,10.1161/CIRCULATIONAHA.117.029536,CVD risk proteins,excluded,Not specifid
YFS07/FINRISK97/FINRISK02,European,meta-analysis,9267,plasma/serum,immunoassay,1,/,/,8,2019,10.1016/j.ajhg.2019.10.001,*multivariate analysis of 11 cytokines,excluded,Not specifid
LBC1936,European,population-based,750,plasma,Olink,92,/,/,41,2019,10.1038/s41467-019-11177-x,,excluded,Not specifid
NSPHS,European,population-based,1005,plasma,Olink,72,/,/,5812,2019,10.1038/s41598-019-53111-7,Rare variants included,X,Not specifid
Fenland study,European,population-based,10708,plasma,SomaScan,179,97,/,/,2020,10.1038/s41467-020-19996-z,COVID-19-relevant proteins,X,treated it as a single region
MANOLIS,European,/,1328,serum,Olink,257,/,/,131,2020,10.1038/s41467-020-20079-2,Rare variants included,excluded,Not specifid
SCALLOP Consortium,European,meta-analysis,30391,plasma,Olink,90,75,73,/,2020,10.1038/s42255-020-00287-2,,excluded,included
/,European,samples from multiple sources in the US,287,liver,MS,1344,74,602,6155,2020,10.1186/s12915-020-00830-3,,excluded,Not specifid
Ottawa study,,obese subjects,577,plasma,MS,133,/,/,18,2020,10.1371/journal. pcbi.1007882,,X,Not specifid
Ottawa study,,obese subjects,428,plasma,SomaScan,1096,/,/,118,2020,10.1371/journal. pcbi.1007882,,X,Not specifid
DiOGenes cohort,European,,481,plasma,MS,133,,,,2020,10.1371/journal. pcbi.1007882,,X,Not specifid
DiOGenes cohort,European,,563,plasma,SomaScan,1096,,,,2020,10.1371/journal. pcbi.1007882,,X,Not specifid
ORCADES cohort,European,family-based,909,plasma,Olink,249,/,/,121,2020,10.1371/journal. pgen.1008785,,excluded,Not specifid
HipSci Initiative,/,iPSC lines,202,cell lines,MS,8543,654,/,/,2020,10.7554/eLife.57390,,Not specifid,Not specifid
ROS/MAP,European,older adults Ôºàpost-mortem samplesÔºâ,330,brain (dPFC) ,MS,7376,/,/,8451,2021,10.1016/j.ajhg.2021.01.012,cis-pQTL analyses only,Not specifid,Not specifid
MANOLIS and Pomak,European,meta-analysis,2893,serum,Olink,184,91,38,214,2021,10.1038/s41467-021-27387-1,,excluded,included
Icelandic Cancer Project and deCODE genetics,European,/,35559,plasma,SomaScan,4719,1865,2944,18084 (1881/16203),2021,10.1038/s41588-021-00978-w,Rare variants included,X,included
participants from Washington University,European,/,835,CSF,SomaScan,713,/,/,274 (226/48),2021,10.1038/s41593-021-00886-6,,excluded,treated it as a single region
participants from Washington University,European,/,380,brain (parietal lobe cortex),SomaScan,1079,/,/,32 (30/2),2021,10.1038/s41593-021-00886-6,,excluded,treated it as a single region
participants from Washington University,European,/,529,plasma,SomaScan,931,/,/,127 (97/30),2021,10.1038/s41593-021-00886-6,,excluded,treated it as a single region
SCALLOP Consortium,European,meta-analysis,26494,plasma,Olink,184,166,171,1308 (288/1020),2021,10.1101/2021.08.03.21261494,medRixv,excluded,included
Fenland study,European,population-based,10708,plasma,SomaScan,3892,1569,3369,10674,2021,10.1126/science.abj1541,,X,included
STRADL cohort,European,population-based,1064,plasma,SomaScan,282,23,/,64 (36/28),2022,10.1002/dad2.12280,,X,Not specifid
AASK study,African American,randomized controlled trial of CKD attributed to hypertension,446,serum,SomaScan,6790,/,/,969 (379/590),2022,10.1016/ j.kint.2022.07.005,,excluded,included
AGES cohort,elderly Icelanders,population-based,5368,serum,SomaScan,4782,/,/,4035 (1415/2620),2022,10.1038/s41467-021-27850-z,,X,collapsed loci
AFHRI-B,European,/,75,atrial tissue,MS,1337,/,/,4081,2022,10.1038/s41467-022-27953-1,,excluded,Not specifid
NSPHS cohort,European,population-based,872,plasma,Olink,414,217,107,,2022,10.1038/s41467-022-30208-8,Rare variants,excluded,Not specifid
ARIC study,European,,7213,plasma,SomaScan,4657,2004,/,/,2022,10.1038/s41588-022-01051-w,cis-pQTL analyses only,excluded,Not specifid
ARIC study,African American,,1871,plasma,SomaScan,4657,1618,/,/,2022,10.1038/s41588-022-01051-w,cis-pQTL analyses only,excluded,Not specifid
Jackson Heart Study,African American,community-based,1852,plasma,SomaScan,1301,/,/,569 (329/240),2022,10.1161/CIRCULATIONAHA.121.055117,Rare variants included,X,Not specifid
SCALLOP Consortium,European,meta-analysis,28204,plasma,Olink,1,1,1,10(1/9),2022,10.1161/CIRCULATIONAHA.121.057888,single protein (ACE2),X,included
UK National PAH cohort,European,patients with PAH,356,plasma,SomaScan,4349,/,/,524,2022,10.1164/rccm.202109-2106OC ,,Not specifid,Not specifid
S3WP study,European,longitudinal study,101,plasma,Olink,795,67,40,144 (67/77),2022,10.1186/s13073-020-00755-0,,X,Not specifid
Milieu Int√©rieur cohort,European,population-based,400,plasma,Luminex,229,78,11,112 (100/12),2022,10.1186/s13073-022-01032-y,,excluded,Not specifid
BioFINDER study,European,enriched for cognitively impaired patients,1591,CSF,Olink,398,/,/,176 (117/59),2022,10.15252/emmm.202216359,,excluded,Not specifid
BioFINDER study,European,enriched for cognitively impaired patients,1591,plasma,Olink,398,/,/,197 (141/56),2022,10.15252/emmm.202216359,,excluded,Not specifid
HELIC study,European,meta-analysis,3005,serum,Olink,92,/,/,322 (76/246),2023,10.1016/j.molmet.2023.101810,,excluded,Not specifid
Guangzhou Nutrition and Health study,East Asian,population-based,2410,serum,MS,304,34,14,/,2023,10.1038/s41467-023-36491-3,,excluded,included
Guangzhou Nutrition and Health study,East Asian,population-based,2410,serum,MS,1298,/,/,147,2023,10.1038/s41467-023-36491-3,* peptide-level as phenotype,excluded,included
DIRECT consortium,European,pre-diabetic participants and T2D patients,3027,plasma,Olink,373,363,/,/,2023,10.1038/s41467-023-40569-3,,X,Not specifid
UKB-PPP,European,population-based,49736,plasma,Olink,2923,,,5433,2023,10.1038/s41586-023-06547-x,exome-wide association,X,Not specifid
SCALLOP Consortium,European,meta-analysis,14824,plasma,Olink,91,59,51,180 (59/121),2023,10.1038/s41590-023-01588-w,,excluded,treated it as a single region
ROS/MAP/ANDI/BLSA,European,sex-biased pQTL,716,brain,MS,10198,/,/,154*,2023,10.1038/s41591-023-02509-y,"*sb-pQTL, pQTL with Genotype by Sex interaction",X,Not specifid
EPIC-Norfolk study,European,population-based,1180,serum,Olink,2923,/,/,1153,2023,10.1038/s42255-023-00753-7,,excluded,Not specifid
Qatar Biobank,Middle Eastern,population-based,2935,plasma,SomaScan,1301,/,/,2685 (1925/760),2023,10.1093/hmg/ddac243,,excluded,included
SCALLOP Consortium,European,meta-analysis,22997,plasma,Olink,92,/,/,503 (337/166),2023,10.1186/s12014-023-09421-0,,X,included
UKB-PPP,European,population-based,52705,plasma,Olink,1473,/,/,8462,2024,10.1016/j.xgen.2024.100506,*2821 protein ratios as phenotypes,X,Not specifid
Stanley Medical Research Institute/Banner Sun Health Research Institute ,European,patients with SCZ and BP and controls,268,brain (frontal cortex),MS,11608,883,/,/,2024,10.1038/s41380-024-02576-8,,X,Not specifid
QMDiab,multi-ethnic,,325,plasma,MS,,,,,2024,10.1038/s41467-024-45233-y,,Not specifid,Not specifid
SCALLOP Consortium,European,meta-analysis,12176,plasma,Olink,184,125,/,289 (125/164),2024,10.1038/s41562-024-01963-z,,excluded,included
Japan COVID-19 Task Force,East Asian,participants with varing levels of COVID-19 phenotype,1384,plasma,Olink,2932,/,/,/,2024,10.1038/s41588-024-01896-3,1191 proteins with at least one QTL (P < 5e-8),X,included
eight multi-ethnic cohorts,European,enriched for AD cases,3506,CSF,SomaScan,6361,/,/,2477 (1272/1205),2024,10.1038/s41588-024-01972-8,,excluded,treated it as a single region
Estonian Biobank,European,population-based,500,plasma,Olink,326,/,/,278(184/94Ôºâ,2024,10.1038/s41598-024-57966-3,,excluded,included
Amsterdam dementia cohort,European,"230 AD, 123 DLB, 199 FTD , and 195 control",747,CSF,Olink ,979,,,,2024,10.1093/brain/awae090,"only 2244 genetic risk variants for AD, DLB and FTD were tested ",,
VIKING1,European,population-based,200,plasma,SomaScan,6432,338,122,505 (382/123),2024,10.1101/2024.01.29.24301808v2,medRixv,excluded,excluded
ARIC study,European,,7584,plasma,SomaScan,4651,/,/,4315,2024,10.1101/2024.09.27.24314500,medRixv,excluded,treated it as a single region
ARIC study,African American,,1871,plasma,SomaScan,4651,/,/,1746,2024,10.1101/2024.09.27.24314500,medRixv,excluded,treated it as a single region
Jackson Heart Study,African American,community-based,1054,plasma,Olink,2881,/,/,1002 (859/143),2024,10.1172/JCI181802,,excluded,Not specifid
500FG cohort and 300BCG cohort,Western European,population-based,318,plasma,Olink ,66,4,2,6 (4/2),2024,10.1186/s12864-024-10065-z,"sex stratified, male",excluded,Not specifid
500FG cohort and 300BCG cohort,Western European,population-based,359,plasma,Olink ,66,5,4,9 (5/4),2024,10.1186/s12864-024-10065-z,"sex stratified, female",excluded,Not specifid
eight multi-ethnic cohorts,European,meta-analysis; enriched for AD cases,3350,CSF,SomaScan/MSD,1,1,1,4 (1/3),2024,10.1186/s13024-023-00687-4,single protein (sTREM2),excluded,Not specifid
three population-based cohorts,Greenlandic Inuit,population-based,"3,707",,Olink,177,,,251 (85/166),2025,10.1016/j.ajhg.2025.10.013,,Not specifid,Not specifid
China Kadoorie Biobank,East Asian,1951 IHD cases and 2026 CKB participants,3976,plasma,Olink ,1694,765,705,1933 (794/1139),2025,10.1038/s41467-025-56935-2,,X,40 Mbp for the MHC region
China Kadoorie Biobank,East Asian,1951 IHD cases and 2026 CKB participants,3976,plasma,SomaScan,1694,513,732,1621 (526/1095),2025,10.1038/s41467-025-56935-2,,X,40 Mbp for the MHC region
Fenland study,European,population-based,4403,,SomaScan,4775,/,/,"7,424",2025,10.1038/s41467-025-59034-4,"sex stratified, female",X,treated it as a single region
Fenland study,European,population-based,3945,,SomaScan,4775,/,/,"6,546",2025,10.1038/s41467-025-59034-4,"sex stratified, male",X,treated it as a single region
UKB-PPP,European,population-based,"25,904",,Olink,2923,/,/,"18,307",2025,10.1038/s41467-025-59034-4,"sex stratified, female",X,treated it as a single region
UKB-PPP,European,population-based,"22,113",,Olink,2923,/,/,"14,305",2025,10.1038/s41467-025-59034-4,"sex stratified, male",X,treated it as a single region
Knight ADRC,African ,,414,plasma,SomaScan,6907,/,/,954 (420/534),2025,10.1038/s41467-025-62463-w,,excluded,included
Knight ADRC,European,,2338,plasma,SomaScan,"6,907",/,/,2848 (1282/1566),2025,10.1038/s41467-025-62463-w,,excluded,included
UKB-PPP,,Disease-specific,7691 - 19795,Plasma,Olink,"2,901",,,"1,021,750",2025,10.1038/s41467-025-67238-x," Disease-specific pQTL; 7626 healthy subjects, 55 to 12,169 subjects across 42 diseases",Not specifid,Not specifid
HOLBAEK Study,European,children and adolescents,1909,plasma,MS,1216,/,/,1252,2025,10.1038/s41588-025-02089-2,,X,Not specifid
,African American,,181,dorsolateral prefrontal cortex,MS,8884,/,/,"7,852",2025,10.1038/s41588-025-02291-2,,Not specifid,Not specifid
,Hispanic,,168,dorsolateral prefrontal cortex,MS,"8,648",/,/,"7,499",2025,10.1038/s41588-025-02291-2,,Not specifid,Not specifid
,non-Hispanic White,,1013,dorsolateral prefrontal cortex,MS,"9,254",/,/,"40,087",2025,10.1038/s41588-025-02291-2,,Not specifid,Not specifid
Tarkin study,American White,,1260,,MS,"1,980",/,/,364,2025,10.1038/s41588-025-02413-w,,Not specifid,Not specifid
VIKING1,isolated ancestry in the Scottish Isles , population-based,200,plasma,SomaScan,6432,334,118,505 (382/123),2025,10.1038/s42003-025-08738-w,,Not specifid,Not specifid
China Kadoorie Biobank,East Asian,1951 IHD cases and 2026 CKB participants,3974,plasma,Olink,2923,1264,,3460 (2309/1151),2025,10.1101/2023.11.13.23298365v2,medRixv,X, 20Mbp window within the HLA region
GTEx Consortium,European,"five tissues from GTEx,  Colon, Heart, Liver, Lung, and Thyroid",144,multi-tissue,MS,10841,/,/,2011 (1981/30),2025,10.1101/2025.01.10.25320181,,excluded,Not specifid
ADNI,European,,1005,CSF,MS,"2,961",654,, 1547 (1417/130),2025,10.1101/2025.09.21.25336297,,Not specifid,Not specifid
Swedish BAMSE,,population-based,1538,plasma,Olink,92,/,/,45 (33/12),2025,10.1111/all.16608,,Not specifid,Not specifid
WHI and FHS,African American,population-based,1033,plasma,Olink,1245,/,/,2111(1907/204),2025,10.1186/s13059-025-03671-x,,excluded,Not specifid
WHI and FHS,non-Hispanic White,population-based,1764,plasma,Olink,1245,/,/,1531(1346/185),2025,10.1186/s13059-025-03671-x,,excluded,Not specifid
WHI and FHS,African American and non-Hispanic White,meta-analysis,2797,plasma,Olink,1245,/,/,2873(2492/381),2025,10.1186/s13059-025-03671-x,,excluded,Not specifid
SCALLOP and UKB-PPP,European,Meta-analysis,"78,664",Plasma,Olink,1116,/,/,"24,738(5,040/19,698)",2026,10.1016/j.cell.2026.03.049,,Not specifid,Not specifid
MESA,, population-based,1889,,Olink,2157,497,/,1298 (1036/262),2026,10.1038/s41467-025-67814-1,,Not specifid,Not specifid
MESA,Mixed ancestry , population-based,1889,,SomScan,2157,328,/,1264 (840/424),2026,10.1038/s41467-025-67814-1,,Not specifid,Not specifid
Uganda Genome Resource Proteomics Data (UGR-PD),Continental African / Ugandan,population-based,525,,Olink,"2,873",/,/,399 (346/53),2026,10.1038/s41588-025-02421-w,163 T2D/prediabetes + 362 controls,Not specifid,Not specifid
China Kadoorie Biobank,East Asian,,"3,965",plasma,SomaScan,"7,289","1,268","1,489","3007 (1,282/1,825)",2026,10.64898/2026.02.05.26345625,,Not specifid,Not specifid
AGES,Icelanders,population-based,"5,291",serum,SomaScan,"7,596",2166,,"7,953",2026,10.64898/2026.03.17.712047,,excluded,Not specifid